animal_id,Pit,sex,age,date,svl,tail-length,body-mass,feeding
216,4B21115615,NA,NA,13-May-16,19.9,NA,250,moderate
50,4265337A2D,NA,DEAD,17-May-12,dead,dead,dead,moderate
129,45335D6A7F,NA,DEAD,17-May-12,dead,dead,dead,moderate
4,4138644779,F,NA,13-Nov-98,21.1,33.7,490,moderate
5,413863612B,F,NA,13-Nov-98,24,34.7,530,moderate
8,41390C3B64,F,NA,13-Nov-98,26.2,35.0,675,moderate
10,4138753A7A,F,NA,13-Nov-98,27.6,37.6,830,moderate
11,413903685C,F,NA,13-Nov-98,22,32.8,420,moderate
13,41395E7943,F,NA,13-Nov-98,26.6,35.8,790,moderate
16,4139043375,F,NA,13-Nov-98,24,32.3,420,moderate
17,41387E7055,F,NA,13-Nov-98,29.1,38.1,910,moderate
8,41390C3B64,F,NA,28-May-99,24.4,34.1,650,moderate
23,41390B4577,F,NA,28-May-99,30,39.1,750,moderate
4,4138644779,F,NA,23-May-00,23.5,34.6,515,moderate
26,502013346E,F,NA,23-May-00,25.6,37.3,710,moderate
11,413903685C,F,NA,31-May-00,24.8,36.0,555,moderate
30,5020141626,F,NA,31-May-00,23.9,32.6,425,moderate
88,442222613E,F,NA,21-May-03,24.6/24.3,32.0,620,moderate
49,lost PIT tag,F,NA,29-May-03,23.1,23.3,295,moderate
102,4424227666,F,NA,29-May-03,28.2/28.6,39.7,930,moderate
73,42642E0A6E,F,NA,27-May-05,32.4,47.1,1430,moderate
114,445D6F683C,F,NA,27-May-05,19.2,29.5,360,moderate
62,4263764D0F,F,NA,28-May-05,26.8,39.2,810,moderate
102,4424227666,F,NA,04-Jun-05,29.2,38.8,930,moderate
50,4265337A2D,F,NA,27-May-06,28.1,38.0,1030,moderate
102,4424227666,F,NA,28-May-06,30,39.6,1050,moderate
80,44221E2270,F,NA,04-Jun-06,27.2,37.9,810,moderate
30,5020141626,F,NA,27-May-07,26.2/26.1,35.5/35.5,790,moderate
35,5020132C56,F,NA,27-May-07,27.0/27.0,40.2/40.5,790,moderate
142,453F600718,F,NA,27-May-07,16.0/16.1,24.5/24.2,190,moderate
5,413863612B,F,NA,24-May-08,25,38.8,780,moderate
8,41390C3B64,F,NA,24-May-08,28.4,37.2,880,moderate
99,442471304F,F,NA,24-May-08,18,22.7,250,moderate
114,445D6F683C,F,NA,24-May-08,27.1,40.7,1000,moderate
136,4534786928,F,NA,24-May-08,21.1,33.4,400,moderate
4,4138644779,F,NA,25-May-08,27.1,36.6,770,moderate
123,452E2F4370,F,NA,25-May-08,25,31.1,640,moderate
153,452E323A32,F,NA,25-May-08,23,34.1,520,moderate
79,44243F3D6D,F,NA,01-Jun-08,29,40.0,1080,moderate
102,4424227666,F,NA,01-Jun-08,29.7,39.5,1020,moderate
39,42654C025D,F,NA,23-May-09,26,25.6/28.1,710,moderate
50,4265337A2D,F,NA,23-May-09,28.4,38.1,1020,moderate
102,4424227666,F,NA,23-May-09,28.9,39.3,1120,moderate
146,452E717F60,F,NA,23-May-09,26.5,36.7,750,moderate
88,442222613E,F,NA,24-May-09,25,29.8/31.8,620,moderate
4,4138644779,F,NA,30-May-09,25.5,36.9,810,moderate
168,491A1D3348,F,NA,30-May-09,22.8,35.5,590,moderate
228,4B21157739,F,NA,30-May-09,18.4,28.7,280,moderate
47,501D517761,F,NA,31-May-09,31.4,45.3,1020,moderate
59,501F776B48,F,NA,31-May-09,27.4,40.8,1050,moderate
129,45335D6A7F,F,NA,31-May-09,26.3,40.7,800,moderate
54,42640A7314,F,NA,20-May-10,24.8,34.4,680,moderate
77,9.85121E+14,F,NA,20-May-10,24.5,35.1,560,moderate
102,4424227666,F,NA,20-May-10,29.6,39.2,1130,moderate
??,491A706904,F,NA,20-May-10,28.1,38.0,890,moderate
8,41390C3B64,F,NA,21-May-10,27.6,37.9,940,moderate
30,5020141626,F,NA,21-May-10,26.3,36.9,800,moderate
120,452FOC5C45,F,NA,21-May-10,26,38.2,880,moderate
146,452E717F60,F,NA,21-May-10,25.8,36.3,750,moderate
170,491C720932,F,NA,21-May-10,21.3,31.0,420,moderate
237,4B2200767D,F,NA,21-May-10,23.8,34.0,660,moderate
24,4428403242,F,NA,27-May-10,24.5,32.2,740,moderate
62,4263764D0F,F,NA,27-May-10,27.5,39.9,960,moderate
173,4918632070,F,NA,27-May-10,19.5,28.2,320,moderate
181,491658500A,F,NA,27-May-10,22.7,15.9/23.6,490,moderate
196,4B1D7E5371,F,NA,27-May-10,25,28.0,620,moderate
198.2,4B1E0A485B,F,NA,27-May-10,19.7,28.0,290,moderate
54,42640A7314,F,NA,17-May-12,24.2,34.6,710,moderate
169,491A6E2D37,F,NA,17-May-12,27.2,18.1/26.9,1000,moderate
205,4B1E0D4141,F,NA,17-May-12,26.9,31.8/32.5,730,moderate
254,4A74700B28,F,NA,17-May-12,28.2,37.7,940,moderate
39,42654C025D,F,NA,18-May-12,26.3,21.7/27.7,530,moderate
62,4263764D0F,F,NA,18-May-12,27.4,40.4,980,moderate
170,491C720932,F,NA,18-May-12,23.6,33.6,630,moderate
142,453F600718,F,NA,25-May-12,21.2,31.6,450,moderate
257,4B1F367D5B,F,NA,25-May-12,29.3,40.1,880,moderate
207,4B2134627D,F,NA,13-May-13,27.8,35.0,870,moderate
221,4B1D744D57,F,NA,13-May-13,23.7,33.8,660,moderate
228,4B21157739,F,NA,13-May-13,23.5,36.5,1670,moderate
31,5020165301,F,NA,14-May-13,21.9,31.4,435,moderate
137,452F0D1240,F,NA,14-May-13,27.6,38.0,875,moderate
187,4B1E097C4F,F,NA,14-May-13,25.1,33.1,675,moderate
237,4B2200767D,F,NA,14-May-13,26.8,36.5,790,moderate
313,9.85121E+14,F,NA,14-May-13,27.6,41.4,950,moderate
54,42640A7314,F,NA,16-May-13,24,34.9,675,moderate
113,4428645223,F,NA,16-May-13,23.1,33.8,575,moderate
250,4B1E243874,F,NA,16-May-13,26.1,36.8,885,moderate
4,4138644779,F,NA,17-May-13,25.6,36.5,675,moderate
168,491A1D3348,F,NA,17-May-13,26,38.8,890,moderate
290,9.85121E+14,F,NA,17-May-13,23.3,33.6,570,moderate
327,9.85121E+14,F,NA,17-May-13,19.9,28.8,335,moderate
371,4B21267E54,F,NA,17-May-13,25.2,33.3,690,moderate
146,452E717F60,F,NA,21-May-13,26.1,36.6,680,moderate
202,4B1D5D0E6D,F,NA,21-May-13,21.2,15.0/20.6,455,moderate
8,41390C3B64,F,NA,22-May-13,29,36.7,980,moderate
51,4264061A50,F,NA,22-May-13,27.5,39.2,830,moderate
171,491A251836,F,NA,22-May-13,22.8,34.8,520,moderate
393,9.89001E+14,F,NA,22-May-13,25.4,31.1,450,moderate
62,4263764D0F,F,NA,11-Apr-14,27.6,39.7,970,moderate
114,445D6F683C,F,NA,11-Apr-14,32,44.0,1600,moderate
139,453432497A,F,NA,11-Apr-14,25.9,15.0/25.4,735,moderate
198.2,4B1E0A485B,F,NA,11-Apr-14,22.5,31.9,470,moderate
228,4B21157739,F,NA,11-Apr-14,24.8,38.1,760,moderate
296,9.85121E+14,F,NA,11-Apr-14,19.4,27.3,325,moderate
313,9.85121E+14,F,NA,11-Apr-14,28.5,41.3,765,moderate
343,9.85121E+14,F,NA,11-Apr-14,18.3,24.8,250,moderate
402,9.89001E+14,F,NA,11-Apr-14,20.5,27.6,305,moderate
54,42640A7314,F,NA,13-May-14,25,34.5,690,moderate
224,4B21565025,F,NA,13-May-14,20.1,29.2,385,moderate
283,4B213A5D77,F,NA,13-May-14,25.4,31.9,665,moderate
415,9.89001E+14,F,NA,13-May-14,15.7,23.3,176,moderate
127,452F18024A,F,NA,21-May-14,19.7,28.2,410,moderate
153,452E323A32,F,NA,21-May-14,28.9,38.7,1012,moderate
46,42644B2A03,F,NA,12-May-15,27.2,31.0,810,moderate
51,4264061A50,F,NA,12-May-15,28,39.2,780,moderate
54,42640A7314,F,NA,12-May-15,24.7,34.5,620,moderate
122,452F136F6B,F,NA,12-May-15,29.5,40.7,990,moderate
197,4B21316F1A,F,NA,12-May-15,23.1,35.1,550,moderate
228,4B21157739,F,NA,12-May-15,26.1,38.5,800,moderate
168,491A1D3348,F,NA,21-May-15,28.6,38.9,915,moderate
169,491A6E2D37,F,NA,21-May-15,29,26.3,1130,moderate
62,4263764D0F,F,NA,13-May-16,27.7,40.2,990,moderate
228,4B21157739,F,NA,13-May-16,27.8,39.2,1090,moderate
8,41390C3B64,F,NA,22-May-16,26.7,37.5,913,moderate
137,452F0D1240,F,NA,22-May-16,26.3,38.0,795,moderate
243,4B1736286F,F,NA,22-May-16,23.1,22.0,405,moderate
373,9.89001E+14,F,NA,22-May-16,14.8,22.0,110,moderate
414,9.89001E+14,F,NA,22-May-16,14.6,24.2,155,moderate
146,452E717F60,F,NA,17-Jun-16,27.5,36.7,NA,moderate
228,4B21157739,F,NA,17-Jun-16,27.5,40.0,960,moderate
237,4B2200767D,F,NA,07-Sep-16,27.8,37.1,905,moderate
136,4534786928,F,NA,14-May-17,NA,NA,NA,moderate
183,4919710D63,F,NA,14-May-17,NA,NA,NA,moderate
206,4B211F7A76,F,NA,14-May-17,NA,NA,735,moderate
168,491A1D3348,F,NA,23-Apr-18,29,39.8,1105,moderate
193,4B1E086C25,F,NA,23-Apr-18,23.5,34.3,590,moderate
206,4B211F7A76,F,NA,23-Apr-18,26.3,37.5,760,moderate
366,9.85121E+14,F,NA,23-Apr-18,24.2,34.6,605,moderate
228,4B21157739,F,NA,24-Apr-18,29.6,42.8,1290,moderate
11,413903685C,F,NA,13-May-18,30.2,41.3,1450,moderate
339,9.85121E+14,F,NA,13-May-18,23.4,17.9,470,moderate
364,4B21344C16,F,NA,13-May-18,20.4,29.0,420,moderate
31,5020165301,F,NA,21-May-18,23.5,32.2,360,moderate
54,42640A7314,F,NA,21-May-18,24.7,34.6,510,moderate
399,9.89001E+14,F,NA,21-May-18,22.1,30.1,490,moderate
54,42640A7314,F,NA,12-Jun-19,DEAD,DEAD,DEAD,moderate
52,501F6D5422,F,NA,04-Jun-01,23.5,32.4,530,moderate
61,4306007537,F,NA,05-Jun-01,23,33.0,500,moderate
62,4263764D0F,F,NA,05-Jun-01,22.4,34.6,590,moderate
46,42644B2A03,F,NA,29-May-02,27.8,26.5/30.6,790,moderate
74,50201F494E,F,NA,29-May-02,22.9,31.6,670,moderate
98,4414294A3B,F,NA,28-May-03,24.6/24.6,30.7,620,moderate
103,44295C517C,F,NA,29-May-03,24.0/23.6,34.1,490,moderate
107,44293A3735,F,NA,29-May-03,21.4/21.0,31.6,400,moderate
129,45335D6A7F,F,NA,28-May-05,27.9,40.9,850,moderate
137,452F0D1240,F,NA,04-Jun-05,26,38.9,890,moderate
59,501F776B48,F,NA,27-May-06,28.1,41.8,1070,moderate
161,NA,F,NA,04-Jun-06,28.8,41.8,890,moderate
184,06904491A,F,NA,02-Jun-07,28.4/27.1,38.6/37.7,920,moderate
185,49172E2522,F,NA,03-Jun-07,25.7/25.6,36.5/35.9,770,moderate
205,4B1E0D4141,F,NA,25-May-08,26.4,31.8,720,moderate
244,4B166F5629,F,NA,24-May-09,21.4,24.2,380,moderate
306,9.85121E+14,F,NA,17-May-12,22.1,24.6/25.5,490,moderate
324,9.85121E+14,F,NA,17-May-12,23.3,32.0,590,moderate
333,9.85121E+14,F,NA,21-May-12,25.2,36.6,770,moderate
348,9.85121E+14,F,NA,25-May-12,18.8,27.4,290,moderate
351,9.85121E+14,F,NA,25-May-12,26,36.6,700,moderate
440,9.89001E+14,F,NA,24-Apr-18,24.2,35.9,595,moderate
282,4B21297303,F,NA,05-Sep-18,26.3,29.4/?,700,moderate
481,9.82E+14,F,NA,05-Sep-18,23.3,34.9,640,moderate
483,9.82E+14,F,NA,05-Sep-18,22.6,31.6,490,moderate
488,9.82E+14,F,NA,05-Sep-18,20.8,29.6,385,moderate
127,452F18024A,F,NA,10-Jun-19,22.2,29.4,395,moderate
292,9.85121E+14,F,NA,10-Jun-19,25.1,33.5,600,moderate
505,9.82126E+14,F,NA,10-Jun-19,22,30.9,430,moderate
510,9.82126E+14,F,NA,10-Jun-19,23.6,34.5,495,moderate
523,9.82126E+14,F,NA,10-Jun-19,20.9,29.5,375,moderate
48,42637A0937,F,NA,04-Jun-01,27.8,37.9,810,moderate
11,413903685C,F,NA,29-May-02,25.5,39.0,830,moderate
56,426359561F,F,NA,21-May-03,23.4/23.4,34.8,540,moderate
87,44232F6202,F,NA,21-May-03,24.1/24.4,35.2,580,moderate
93,44247D1972,F,NA,22-May-03,28.2/28.1,38.0,970,moderate
118,45336D6830,F,NA,27-May-05,22,27.8,510,moderate
59,501F776B48,F,NA,04-Jun-05,27.2,41.3,990,moderate
146,452E717F60,F,NA,27-May-06,24.2,35.6,720,moderate
156,see notes,F,NA,04-Jun-06,27.4,34.5,860,moderate
188,4B21121D4E,F,NA,24-May-08,23.2,23.0/25.7,570,moderate
190,4B1D4D352D,F,NA,24-May-08,23.5,9.8/16.7,500,moderate
206,4B211F7A76,F,NA,25-May-08,26,36.8,720,moderate
214,4B2132172B,F,NA,01-Jun-08,22.7,34.2,530,moderate
243,4B1736286F,F,NA,24-May-09,21.9,17.5/22.8,430,moderate
270,9.85121E+14,F,NA,19-May-10,24.1,35.0,460,moderate
113,4428645223,F,NA,17-May-12,23.1,33.1,590,moderate
308,9.85121E+14,F,NA,17-May-12,23.9,36.0,610,moderate
313,9.85121E+14,F,NA,17-May-12,27.2,41.8,1040,moderate
323,9.85121E+14,F,NA,17-May-12,24.4,36.1,690,moderate
270,9.85121E+14,F,NA,21-May-13,24.3,35.1,490,moderate
440,9.89001E+14,F,NA,17-Jun-16,22.6,34.0,470,moderate
477,9.82E+14,F,NA,05-Sep-18,28,37.2,890,moderate
193,4B1E086C25,F,NA,10-Jun-19,24.4,33.9,475,moderate
38,501F691574,F,NA,27-May-01,24.5,37.7,710,moderate
79,44243F3D6D,F,NA,21-May-03,29.3/28.0,40.6,710,moderate
139,453432497A,F,NA,04-Jun-05,25.3,25.1,680,moderate
146,452E717F60,F,NA,01-Jun-08,26.2,35.9,690,moderate
236,4B212B2240,F,NA,23-May-09,27.7,21.1/26.3,790,moderate
238,4B21456047,F,NA,23-May-09,29.9,42.8,1110,moderate
250,4B1E243874,F,NA,30-May-09,26.6,36.7,850,moderate
259,4B2174394A,F,NA,31-May-09,24.3,34.7,630,moderate
205,4B1E0D4141,F,NA,01-Jun-09,26.4,31.2/31.8,730,moderate
264,4B212A6019,F,NA,01-Jun-09,24.2,35.0,700,moderate
278,9.85121E+14,F,NA,20-May-10,25.3,36.5,610,moderate
282,4B21297303,F,NA,21-May-10,25,27.8/29.5,610,moderate
292,9.85121E+14,F,NA,27-May-10,21.7,30.0,460,moderate
372,9.85121E+14,F,NA,17-May-13,24.3,27.6,515,moderate
409,9.89001E+14,F,NA,11-Apr-14,25,30.9,620,moderate
452,9.82E+14,F,NA,23-Apr-18,26.2,37.4,800,moderate
482,9.82E+14,F,NA,05-Sep-18,25,21.0/25.1,630,moderate
489,9.82E+14,F,NA,05-Sep-18,25,32.5,635,moderate
500,9.82E+14,F,NA,05-Sep-18,27.2,36.0,930,moderate
99,442471304F,F,NA,10-Jun-19,24.6,29.1,510,moderate
197,4B21316F1A,F,NA,10-Jun-19,24,35.9,580,moderate
250,4B1E243874,F,NA,10-Jun-19,26.4,36.3,750,moderate
507,9.82126E+14,F,NA,10-Jun-19,23.9,31.7,490,moderate
513,9.82126E+14,F,NA,10-Jun-19,26,35.3,615,moderate
533,9.82126E+14,F,NA,10-Jun-19,23.1,33.4,435,moderate
260,414F210A45,F,NA,12-Jun-19,23.6,34.9,635,moderate
36,50202C4334,F,NA,27-May-01,28.4,38.2,910,moderate
46,42644B2A03,F,NA,04-Jun-01,28.1,24.6/28.2,770,moderate
51,4264061A50,F,NA,04-Jun-01,25.6,37.6,750,moderate
59,501F776B48,F,NA,05-Jun-01,25.9,39.7,900,moderate
123,452E2F4370,F,NA,27-May-05,25.3,32.0,760,moderate
8,41390C3B64,F,NA,04-Jun-06,26.7,37.9,860,moderate
207,4B2134627D,F,NA,25-May-08,27.9,33.7,940,moderate
237,4B2200767D,F,NA,23-May-09,23.5,32.8,580,moderate
251,4B0122187F,F,NA,30-May-09,26.5,38.2,790,moderate
288,9.85121E+14,F,NA,27-May-10,29,35.5,1100,moderate
290,9.85121E+14,F,NA,27-May-10,22.8,32.2,500,moderate
294,9.85121E+14,F,NA,27-May-10,21,30.0,380,moderate
330,9.85121E+14,F,NA,18-May-12,28.5,17.7/28.1,730,moderate
354,4B1D6C3972,F,NA,14-May-13,26.9,36.7,740,moderate
484,9.82E+14,F,NA,05-Sep-18,23.1,21.0/25.2,545,moderate
527,9.82126E+14,F,NA,10-Jun-19,25.9,37.2,655,moderate
35,5020132C56,F,NA,27-May-01,26.8,39.7,860,moderate
50,4265337A2D,F,NA,04-Jun-01,28.4,38.0,970,moderate
50,4265337A2D,F,NA,21-May-03,29.1/29.4,39.0,1070,moderate
80,44221E2270,F,NA,21-May-03,24.8/26.2,36.5,730,moderate
62,4263764D0F,F,NA,24-May-08,27.8,38.8,870,moderate
196,4B1D7E5371,F,NA,24-May-08,24.1,22.4/27.4,530,moderate
211,4B1E141A38,F,NA,26-May-08,32.1,46.9,1280,moderate
245,4A75095805,F,NA,24-May-09,28.4,41.3,1130,moderate
254,4A74700B28,F,NA,30-May-09,28,38.3,890,moderate
62,4263764D0F,F,NA,31-May-09,27,39.7,890,moderate
50,4265337A2D,F,NA,19-May-10,27.5,27.1/28,980,moderate
341,9.85121E+14,F,NA,25-May-12,26.8,34.7,840,moderate
146,452E717F60,F,NA,07-Sep-16,25.2,37.4,690,moderate
170,491C720932,F,NA,07-Sep-16,28.1,36.6,760,moderate
199,4B215E100B,F,NA,05-Sep-18,24.9,32.3,670,moderate
341,9.85121E+14,F,NA,12-Jun-19,DEAD,DEAD,DEAD,moderate
534,9.82126E+14,F,NA,12-Jun-19,24.3,33.9,530,moderate
47,501D517761,F,NA,04-Jun-01,31,45.1,1270,moderate
47,501D517761,F,NA,19-May-10,30.5,45.6,940,moderate
39,42654C025D,F,NA,27-May-10,26.5,25.3/28.5,630,moderate
250,4B1E243874,F,NA,07-Sep-16,26,36.1,690,moderate
62,4263764D0F,F,NA,10-Jun-19,27.9,40.0,730,moderate
42,42652C285A,F,NA,27-May-01,36.2,46.4,1530,moderate
66,43054C7027,F,NA,21-May-02,28.6,41.8,960,moderate
256,4B15596A0B,F,NA,31-May-09,26.6,37.4,860,moderate
257,4B1F367D5B,F,NA,31-May-09,29.4,40.9,1010,moderate
11,413903685C,F,NA,13-May-13,31.2,43.3,1630,moderate
170,491C720932,F,NA,05-Sep-18,26.6,36.4,830,moderate
11,413903685C,F,NA,10-Jun-19,33.1,41.8,1405,moderate
39,42654C025D,F,NA,27-May-01,25.5,21.5/27.5,760,moderate
11,413903685C,F,NA,27-May-06,29.2,41.5,1160,moderate
506,9.82126E+14,F,NA,10-Jun-19,26,38.1,700,moderate
53,5020297E2E,F,NA,04-Jun-01,30.9,42.8,1110,moderate
2,41386B1B0A,F,NA,29-May-02,37.1,49.8,2070,moderate
7,413870671A,F,NA,29-May-02,33.5,47.3,1380,moderate
170,491C720932,F,NA,10-Jun-19,27.8,36.7,715,moderate
54,42640A7314,F,NA,04-Jun-01,21.4,30.6,410,moderate
31,5020165301,F,NA,01-Jun-08,18.5,27.3,260,moderate
224,4B21565025,F,NA,01-Jun-08,14.4,21.5,140,moderate
369,4B0A02204A,F,NA,17-May-13,10.6,18.2,55,moderate
374,9.89001E+14,F,NA,21-May-13,14.1,22.0,130,moderate
408,9.89001E+14,F,NA,11-Apr-14,10,16.4,44,moderate
127,452F18024A,F,NA,04-Jun-06,16.7,24.8,230,moderate
170,491C720932,F,NA,27-May-07,17.6/16.9,24.2/24.4,210,moderate
171,491A251836,F,NA,27-May-07,16.1/15.9,24.7/24.6,190,moderate
180,490E6E6E23,F,NA,02-Jun-07,21.2/20.9,24.2/24.6,470,moderate
181,491658500A,F,NA,02-Jun-07,20.3/20.1,21.3/21.9,400,moderate
198.2,4B1E0A485B,F,NA,24-May-08,16.5,26.7,220,moderate
202,4B1D5D0E6D,F,NA,24-May-08,16.2,10.9/16.2,200,moderate
228,4B21157739,F,NA,01-Jun-08,17.8,27.9,240,moderate
255,4B214D4A61,F,NA,30-May-09,20,29.3,355,moderate
260,414F210A45,F,NA,01-Jun-09,14,21.8,130,moderate
343,9.85121E+14,F,NA,25-May-12,18.1,24.3,240,moderate
358,9.85121E+14,F,NA,14-May-13,16.5,23.5,184,moderate
373,9.89001E+14,F,NA,21-May-13,10.2,16.1,50,moderate
380,9.89001E+14,F,NA,21-May-13,17.5,27.6,250,moderate
387,9.89001E+14,F,NA,21-May-13,21.5,30.1,315,moderate
388,9.89001E+14,F,NA,21-May-13,19.5,28.4,335,moderate
389,9.89001E+14,F,NA,21-May-13,18.3,26.9,325,moderate
414,9.89001E+14,F,NA,11-Apr-14,11.1,18.7,66,moderate
494,9.82E+14,F,NA,05-Sep-18,15.9,22.2,150,moderate
173,4918632070,F,NA,27-May-07,17.5/16.9,26.2/26.1,240,moderate
120,452FOC5C45,F,NA,27-May-05,17.8,24.6,220,moderate
127,452F18024A,F,NA,28-May-05,17.3,24.8,200,moderate
142,453F600718,F,NA,27-May-06,14.7,22.3,130,moderate
161,4917166808,F,NA,27-May-07,19.0/19.0,27.9/27.0,260,moderate
168,491A1D3348,F,NA,27-May-07,20.0/19.1,31.0/31.0,390,moderate
174,491A12165A,F,NA,27-May-07,18.4/18.4,27.5/27.3,300,moderate
179,49172C2771,F,NA,27-May-07,18.2/18.5,23.5/24.0,270,moderate
183,4919710D63,F,NA,02-Jun-07,19.4/19.4,23/23.6,310,moderate
193,4B1E086C25,F,NA,24-May-08,16,24.5,180,moderate
197,4B21316F1A,F,NA,24-May-08,18.2,28.3,250,moderate
204,4B21615C7D,F,NA,24-May-08,17.5,24.3,220,moderate
229,4A7202021B,F,NA,01-Jun-08,16.5,24.0,190,moderate
263,4B001D1B5F,F,NA,01-Jun-09,19,24.6,290,moderate
58,426410182C,F,NA,19-May-10,21.7,17.7/21,450,moderate
272,9.85121E+14,F,NA,19-May-10,14.5,23.1,140,moderate
275,9.85121E+14,F,NA,19-May-10,20.8,31.0,390,moderate
293,9.85121E+14,F,NA,27-May-10,16.3,24.9,190,moderate
317,9.85121E+14,F,NA,17-May-12,16.5,24.9,220,moderate
339,9.85121E+14,F,NA,25-May-12,19.3,9.8/16.2,340,moderate
345,9.85121E+14,F,NA,25-May-12,17.3,23.2,130,moderate
350,9.85121E+14,F,NA,25-May-12,18.1,28.1,260,moderate
275,9.85121E+14,F,NA,14-May-13,22.8,32.6,515,moderate
382,9.89001E+14,F,NA,21-May-13,18.7,29.6,295,moderate
391,9.89001E+14,F,NA,21-May-13,19.1,27.5,325,moderate
396,9.89001E+14,F,NA,22-May-13,21.2,24.3,435,moderate
400,9.89001E+14,F,NA,22-May-13,16.9,25.5,200,moderate
402,9.89001E+14,F,NA,22-May-13,20.1,28.1,320,moderate
442,9.82E+14,F,NA,17-Jun-16,10.3,16.8,48,moderate
347,9.85121E+14,F,NA,24-Apr-18,22.3,32.1,495,moderate
460,9.82E+14,F,NA,24-Apr-18,17,26.3,225,moderate
478,9.82E+14,F,NA,05-Sep-18,22.3,31.4,430,moderate
490,9.82E+14,F,NA,05-Sep-18,15.5,23.8,170,moderate
491,9.82E+14,F,NA,05-Sep-18,22.4,31.3,460,moderate
524,9.82126E+14,F,NA,10-Jun-19,12.2,14.6,85,moderate
152,442560510A,F,NA,27-May-06,17.4,26.2,260,moderate
199,4B215E100B,F,NA,24-May-08,18.2,28.3,270,moderate
170,491C720932,F,NA,26-May-08,18.9,27.8,290,moderate
235,4B002A331E,F,NA,23-May-09,20.1,30.6,420,moderate
247,4B1D7A214D,F,NA,26-May-09,17.4,26.2,270,moderate
274,9.85121E+14,F,NA,19-May-10,14,22.0,140,moderate
276,9.85121E+14,F,NA,19-May-10,19.4,28.3,330,moderate
296,9.85121E+14,F,NA,27-May-10,19.5,26.5,270,moderate
305,9.85121E+14,F,NA,17-May-12,19.4,26.4,330,moderate
314,9.85121E+14,F,NA,17-May-12,16.9,25.7,240,moderate
327,9.85121E+14,F,NA,18-May-12,18.5,27.1,280,moderate
334,9.85121E+14,F,NA,21-May-12,16.5,25.5,250,moderate
336,9.85121E+14,F,NA,21-May-12,16,24.6,175,moderate
357,9.85121E+14,F,NA,14-May-13,19.2,27.4,295,moderate
364,4B21344C16,F,NA,14-May-13,19.2,27.6,310,moderate
365,4B081F1140,F,NA,14-May-13,19.8,14.5/20.7,320,moderate
366,9.85121E+14,F,NA,14-May-13,23.9,33.5,630,moderate
384,9.89001E+14,F,NA,21-May-13,21.1,30.9,430,moderate
390,9.89001E+14,F,NA,21-May-13,19.1,29.6,310,moderate
397,9.89001E+14,F,NA,22-May-13,20.8,30.7,410,moderate
399,9.89001E+14,F,NA,22-May-13,18.4,26.0,270,moderate
455,9.82E+14,F,NA,23-Apr-18,19.2,29.2,330,moderate
415,9.89001E+14,F,NA,05-Sep-18,21.1,29.7,390,moderate
474,9.82E+14,F,NA,05-Sep-18,21.1,30.7,435,moderate
475,9.82E+14,F,NA,05-Sep-18,24.2,32.2,675,moderate
497,9.82E+14,F,NA,05-Sep-18,20.2,28.8,345,moderate
491,9.82E+14,F,NA,10-Jun-19,22.4,32.1,465,moderate
516,9.82126E+14,F,NA,10-Jun-19,15.1,24.1,155,moderate
518,9.82126E+14,F,NA,10-Jun-19,24.4,29.3,325,moderate
525,9.82126E+14,F,NA,10-Jun-19,18.5,27.1,270,moderate
526,9.82126E+14,F,NA,10-Jun-19,14.2,20.4,115,moderate
530,9.82126E+14,F,NA,10-Jun-19,16.1,24.5,175,moderate
49,501F657D13,F,NA,04-Jun-01,20.5,22.6,410,moderate
70,5020265477,F,NA,29-May-02,27.9,39.3,810,moderate
24,4428403242,F,NA,21-May-03,21.6/21.5,29.6,430,moderate
122,452F136F6B,F,NA,27-May-05,22.4,34.6,470,moderate
136,4534786928,F,NA,04-Jun-05,17.5,27.9,230,moderate
120,452FOC5C45,F,NA,27-May-06,19.7,27.8,340,moderate
169,491A6E2D37,F,NA,27-May-07,27.1/27.0,26.0/25.6,850,moderate
172,491B154017,F,NA,27-May-07,24.1/24.2,33.0/32.5,580,moderate
215,4B2137195B,F,NA,01-Jun-08,21,15.3/17.4,430,moderate
221,4B1D744D57,F,NA,01-Jun-08,20,28.8,410,moderate
179,49172C2771,F,NA,31-May-09,20.2,25.7,340,moderate
279,9.85121E+14,F,NA,20-May-10,23.7,33.7,600,moderate
286,4B1E061275,F,NA,22-May-10,17.8,26.6,260,moderate
31,5020165301,F,NA,27-May-10,19,29.0,290,moderate
291,9.85121E+14,F,NA,27-May-10,18.9,28.7,770,moderate
335,9.85121E+14,F,NA,21-May-12,18.4,29.3,370,moderate
346,9.85121E+14,F,NA,25-May-12,16.7,25.1,220,moderate
347,9.85121E+14,F,NA,25-May-12,17.5,25.7,230,moderate
356,4B1F323051,F,NA,14-May-13,18.5,25.7,265,moderate
360,4B203E3D65,F,NA,14-May-13,18.5,28.3,305,moderate
179,49172C2771,F,NA,21-May-13,21.8,27.4,460,moderate
232,4B1E124331,F,NA,21-May-13,21.5,29.8,430,moderate
450,9.82E+14,F,NA,23-Apr-18,18.7,30.1,330,moderate
314,9.85121E+14,F,NA,05-Sep-18,22.5,29.0,350,moderate
358,9.85121E+14,F,NA,05-Sep-18,21.9,29.6,395,moderate
456,9.82E+14,F,NA,05-Sep-18,25.6,37.8,605,moderate
455,9.82E+14,F,NA,10-Jun-19,20.9,30.1,360,moderate
508,9.82126E+14,F,NA,10-Jun-19,21,29.4,345,moderate
529,9.82126E+14,F,NA,10-Jun-19,19.4,27.4,295,moderate
56,426359561F,F,NA,04-Jun-01,22.2,32.7,470,moderate
125,453F733154,F,NA,27-May-05,24.3,35.7,690,moderate
140,453461155F,F,NA,04-Jun-05,25,38.2,780,moderate
114,445D6F683C,F,NA,27-May-06,21.5,32.6,530,moderate
123,452E2F4370,F,NA,04-Jun-06,26,31.3,720,moderate
162,49183A5737,F,NA,27-May-07,23.0/23.0,33.3/33.0,460,moderate
5,413863612B,F,NA,02-Jun-07,24.6/25.1,38.6/38.5,770,moderate
187,4B1E097C4F,F,NA,24-May-08,23.2,29.7,440,moderate
187,4B1E097C4F,F,NA,30-May-09,22.6,30.3,540,moderate
253,4B17197D6E,F,NA,30-May-09,22.2,31.5,430,moderate
283,4B213A5D77,F,NA,21-May-10,24.6,30.9,670,moderate
284,4B1E74487D,F,NA,22-May-10,16.5,25.8,200,moderate
285,4A0E4D2732,F,NA,22-May-10,23.8,33.9,660,moderate
297,9.85121E+14,F,NA,27-May-10,18.5,28.1,240,moderate
299,9.85121E+14,F,NA,28-May-10,21,31.1,450,moderate
228,4B21157739,F,NA,17-May-12,21.9,34.1,550,moderate
359,4B1E22D58,F,NA,14-May-13,18.7,27.7,285,moderate
361,4B1E107959,F,NA,14-May-13,19.1,27.0,285,moderate
454,9.82E+14,F,NA,23-Apr-18,18.5,29.6,305,moderate
456,9.82E+14,F,NA,23-Apr-18,22.9,33.1,565,moderate
NA,9.82E+14,F,NA,05-Sep-18,22,30.4,435,moderate
369,4B0A02204A,F,NA,10-Jun-19,18.7,29.2,290,moderate
512,9.82126E+14,F,NA,10-Jun-19,22.4,31.5,405,moderate
519,9.82126E+14,F,NA,10-Jun-19,20.3,30.7,310,moderate
25,50201E057F,F,NA,04-Jun-01,33.7,19.2,1460,moderate
73,42642E0A6E,F,NA,29-May-02,30.8,47.1,1020,moderate
25,50201E057F,F,NA,28-May-01,32.2,43.5,1420,moderate
78,42621F151F,F,NA,29-May-02,32.2,48.0,1040,moderate
498,9.82E+14,F,NA,05-Sep-18,25.4,43.2,745,moderate
40,501D4F1C1A,NA,Juv,27-May-01,14.1,34.8,100,moderate
58,426410182C,NA,Juv,05-Jun-01,15,11.2,130,moderate
99,442471304F,NA,Juv,28-May-03,12.0/11.6,16.1,70,moderate
108,42637F461D,NA,Juv,29-May-03,14.7/15.3,14.6,120,moderate
110,442A774001,NA,Juv,29-May-03,11.2/11.2,10.1/14.9,60,moderate
111,44247F0D71,NA,Juv,29-May-03,11.5/11.5,14.8,75,moderate
113,4428645223,NA,Juv,29-May-03,14.0/14.0,22.6,120,moderate
110,442A774001,NA,Juv,27-May-05,14.2,18.4,130,moderate
216,4B21115615,NA,Juv,01-Jun-08,12.1,17.3,80,moderate
225,clipped #25,NA,Juv,01-Jun-08,9.6,22.3,25,moderate
1,41390A6F12,M,NA,13-Nov-98,12.9,22.7,100,moderate
2,41386B1B0A,M,NA,13-Nov-98,33.2,17.8,1500,moderate
6,4138713004,M,NA,13-Nov-98,22.6,15.9,550,moderate
7,413870671A,M,NA,13-Nov-98,27.9,20.6,810,moderate
9,41390B492B,M,NA,13-Nov-98,26.3,46.0,720,moderate
12,41387B5577,M,NA,13-Nov-98,23,32.1,755,moderate
14,41387EOE39,M,NA,13-Nov-98,15.3,40.4,180,moderate
15,413Q624A6D,M,NA,13-Nov-98,24.6,35.7,400,moderate
18,41386F7E45,M,NA,13-Nov-98,26.6,32.3,830,moderate
19,4138703010,M,NA,13-Nov-98,30.4,19.1,1190,moderate
20,413908611D,M,NA,20-May-99,30.1,18.3,900,moderate
21,4139064B50,M,NA,20-May-99,36.8,41.7,1800,moderate
22,4138756A7D,M,NA,20-May-99,36.2,44.6,1900,moderate
25,41386C7F15,M,NA,28-May-99,31.5,42.1,1250,moderate
27,502029074F,M,NA,23-May-00,29.1,49.2,840,moderate
28,501F7B1A34,M,NA,23-May-00,30.4,50.3,1050,moderate
29,501D5F3A5B,M,NA,30-May-00,33.5,45.5,1220,moderate
1,41390A6F12,M,NA,31-May-00,16.3,39.0,150,moderate
2,41386B1B0A,M,NA,28-May-01,34.7,42.3,1790,moderate
44,42652D465C,M,NA,28-May-01,26.3,45.0,590,moderate
75,4306020477,M,NA,29-May-02,27.6,22.4,780,moderate
3,42643B7555,M,NA,27-May-05,31.2,48.5,1080,moderate
57,501F683E32,M,NA,27-May-05,34.7,24.6/28.4,1440,moderate
68,42641B4311,M,NA,27-May-05,24.3,40.1,630,moderate
71,42635F6E4F,M,NA,27-May-05,37.2,28.7,1800,moderate
72,4264176E36,M,NA,27-May-05,30.1,37.2,1280,moderate
126,452F4C1235,M,NA,28-May-05,16.8,36.3,200,moderate
65,426373040B,M,NA,27-May-06,35.7,48.9,2000,moderate
71,42635F6E4F,M,NA,27-May-06,36.7,41.1,2550,moderate
72,4264176E36,M,NA,27-May-06,34.2,24.8,1680,moderate
92,442A0A5B7B,M,NA,27-May-06,32.2,48.8,1000,moderate
101,4427624047,M,NA,27-May-06,32.6,50.4,1410,moderate
124,4535452147,M,NA,27-May-06,31.8,45.1,1230,moderate
126,452F4C1235,M,NA,27-May-06,17.9,43.1,260,moderate
134,452E797545,M,NA,28-May-06,26.8,45.6,740,moderate
153.2,see notes,M,NA,04-Jun-06,33.8,45.6,1620,moderate
159,NA,M,NA,04-Jun-06,31.1,26.1,900,moderate
160,see notes,M,NA,04-Jun-06,32.6,38.7,1230,moderate
18,41386F7E45,M,NA,26-May-07,37.7/38.7,47.3,2410,moderate
65,426373040B,M,NA,27-May-07,36.8/36.1,41.5,2170,moderate
81,44140B373D,M,NA,27-May-07,30.1/29.9,41.1,1130,moderate
86,4425043433,M,NA,27-May-07,29.0/29.0,53.3/53.7,950,moderate
94,4424776217,M,NA,27-May-07,31.5/32.0,49.8/49.7,1260,moderate
143,44294B0665,M,NA,27-May-07,32.3/32.0,35.5/36.0,1290,moderate
148,452F2C3E1C,M,NA,27-May-07,29.1/29.5,39.2/38.7,1160,moderate
154,452E33010A,M,NA,27-May-07,36.5/36.4,36.6/36.6,1730,moderate
27,502029074F,M,NA,02-Jun-07,28.1/29.3,46.0/45.2,730,moderate
44,42652D465C,M,NA,02-Jun-07,28.6/29.3,42.3/42.0,920,moderate
84,442123276E,M,NA,02-Jun-07,34.6/34.6,51.0/49.9,1920,moderate
75,4306020477,M,NA,03-Jun-07,32/31.5,40.6/40.5,1300,moderate
34,501F6D020B,M,NA,24-May-08,30.8,30.3/30.7,1140,moderate
65,426373040B,M,NA,24-May-08,37.8,48.0/47.8,2240,moderate
66,43054C7027,M,NA,24-May-08,29.8,45.1/43.5,970,moderate
71,42635F6E4F,M,NA,24-May-08,40.2,43.3,2660,moderate
72,4264176E36,M,NA,24-May-08,38.2,48.7,2350,moderate
81,44140B373D,M,NA,24-May-08,29.7,44.2,1230,moderate
89,442A0F6D30,M,NA,24-May-08,34.5,51.7,1670,moderate
97,4425730508,M,NA,24-May-08,33.9,47.8,1310,moderate
119,4534096F08,M,NA,24-May-08,22.3,37.2,470,moderate
134,452E797545,M,NA,24-May-08,28,50.1,890,moderate
145,453F587730,M,NA,24-May-08,20.1,48.2,360,moderate
149,452F040049,M,NA,24-May-08,28.9,33.7,1040,moderate
186,490D653655,M,NA,24-May-08,21.7,40.8,450,moderate
83,442A4F4A5F,M,NA,01-Jun-08,28.2,30.2,940,moderate
85,4429685511,M,NA,01-Jun-08,32.2,40.7,1120,moderate
124,4535452147,M,NA,01-Jun-08,32,31.3,1320,moderate
141,453152475C,M,NA,01-Jun-08,29.6,40.5,950,moderate
143,44294B0665,M,NA,01-Jun-08,32.4,44.4,1580,moderate
73,42642E0A6E,M,NA,02-Jun-08,38,46.4,2070,moderate
232,4B1E124331,M,NA,02-Jun-08,20.4,41.2,380,moderate
234,4B1E085A76,M,NA,02-Jun-08,34,45.6,1750,moderate
34,501F6D020B,M,NA,23-May-09,30.1,51.1,1180,moderate
65,426373040B,M,NA,23-May-09,35.8,28.6,2030,moderate
148,452F2C3E1C,M,NA,23-May-09,29.4,46.5,1260,moderate
222,4B1D7F2658,M,NA,23-May-09,18.1,43.1,270,moderate
234,4B1E085A76,M,NA,23-May-09,33.7,50.1,1620,moderate
18,41386F7E45,M,NA,24-May-09,38.6,42.4,2490,moderate
63,4305751F2E,M,NA,30-May-09,28.7,26.9,900,moderate
138,452E2F4B36,M,NA,30-May-09,29.2,46.5,1040,moderate
116,452E750E4B,M,NA,01-Jun-09,32.6,53.5,1270,moderate
126,452F4C1235,M,NA,01-Jun-09,20.6,39.7,450,moderate
167,491A285B17,M,NA,01-Jun-09,21.2,40.5,470,moderate
208,4B21324021,M,NA,01-Jun-09,dead,46.5,dead,moderate
44,42652D465C,M,NA,19-May-10,29.2,31.2,1060,moderate
65,426373040B,M,NA,19-May-10,37.1,31.3,1880,moderate
72,4264176E36,M,NA,19-May-10,39,dead,2350,moderate
85,4429685511,M,NA,19-May-10,31.8,31.1,1150,moderate
112,442A6A5268,M,NA,19-May-10,30.3,50.3,1280,moderate
126,452F4C1235,M,NA,19-May-10,21.8,49.3,530,moderate
132,452F171D57,M,NA,19-May-10,36.8,44.1,2030,moderate
143,44294B0665,M,NA,19-May-10,33.4,41.3,1540,moderate
182,491B3D102F,M,NA,19-May-10,29.6,32.7,1020,moderate
189,4B1E047C00,M,NA,19-May-10,28.7,52.4,1170,moderate
209,4B21393847,M,NA,19-May-10,31.3,46.9,1210,moderate
240,4B210F3F5A,M,NA,19-May-10,25.8,14.0/25,650,moderate
273,9.85121E+14,M,NA,19-May-10,21.3,40.3,480,moderate
18,41386F7E45,M,NA,20-May-10,37.2,43.0,2320,moderate
86,4425043433,M,NA,20-May-10,dead,30.5,dead,moderate
71,42635F6E4F,M,NA,21-May-10,40.6,32.6,2860,moderate
73,42642E0A6E,M,NA,21-May-10,38,52.8,2030,moderate
89,442A0F6D30,M,NA,21-May-10,37.8,dead,2340,moderate
7,413870671A,M,NA,27-May-10,33.8,51.5,1360,moderate
45,50201F0266,M,NA,27-May-10,30.4,50.6,1220,moderate
84,442123276E,M,NA,27-May-10,36.4,52.7,1840,moderate
97,4425730508,M,NA,27-May-10,35,48.5,1330,moderate
148,452F2C3E1C,M,NA,27-May-10,29,40.9,1130,moderate
241,4B2112535F,M,NA,27-May-10,31.3,47.8,1000,moderate
252,4B22186F5D,M,NA,27-May-10,30.4,48.0,1090,moderate
32,501D5C3C06,M,NA,28-May-10,35.5,43.1,1470,moderate
32,501D5C3C06,M,NA,17-May-12,36,41.7,1480,moderate
44,42652D465C,M,NA,17-May-12,28.8,28.9/34.6,870,moderate
63,4305751F2E,M,NA,17-May-12,29.5,47.5,1090,moderate
65,426373040B,M,NA,17-May-12,35.6,48.0,1560,moderate
81,4B21483C53,M,NA,17-May-12,32.9,31.3,1410,moderate
95,442A19435C,M,NA,17-May-12,32,40.8,1330,moderate
117,452F586EOD,M,NA,17-May-12,26.2,49.1,730,moderate
119,4534096F08,M,NA,17-May-12,28.2,39.0,1240,moderate
177,49172D140F,M,NA,17-May-12,21,44.2,450,moderate
178,490E4C5D39,M,NA,17-May-12,22.5,37.6,500,moderate
186,490D653655,M,NA,17-May-12,30.8,42.3,1330,moderate
200,4B1D4D1A65,M,NA,17-May-12,31.9,30.7,1320,moderate
209,4B21393847,M,NA,17-May-12,32,32.4,1440,moderate
217,4B1E0F1D7D,M,NA,17-May-12,24.6,42.2,790,moderate
231,4B213A523C,M,NA,17-May-12,26,44.9,870,moderate
300,9.85121E+14,M,NA,17-May-12,24.8,45.6,840,moderate
132,452F171D57,M,NA,18-May-12,38.4,35.4,2635,moderate
155,4B21306A37,M,NA,18-May-12,28.8,39.8,980,moderate
167,491A285B17,M,NA,18-May-12,25.9,38.8,870,moderate
191,4B216A7125,M,NA,18-May-12,31.1,54.8,1040,moderate
301,9.85121E+14,M,NA,18-May-12,24,41.5,630,moderate
149,452F040049,M,NA,21-May-12,36.1,38.3,2010,moderate
72,4264176E36,M,NA,25-May-12,39.8,43.2,2070,moderate
89,442A0F6D30,M,NA,25-May-12,39.3,23.4/28.2,2460,moderate
126,452F4C1235,M,NA,25-May-12,24.5,48.8,600,moderate
112,442A6A5268,M,NA,13-May-13,30.2,48.4,1030,moderate
132,452F171D57,M,NA,13-May-13,38.5,53.3,2845,moderate
186,490D653655,M,NA,13-May-13,32,34.8,1645,moderate
246,4B1D67173D,M,NA,13-May-13,27,41.1,915,moderate
281,4A0E3F066F,M,NA,13-May-13,30.7,56.1,1075,moderate
304,9.85121E+14,M,NA,13-May-13,33,45.1,1335,moderate
310,9.85121E+14,M,NA,13-May-13,15.2,28.5,154,moderate
321,9.85121E+14,M,NA,13-May-13,21,44.3,425,moderate
45,50201F0266,M,NA,14-May-13,30.5,46.9,890,moderate
65,426373040B,M,NA,14-May-13,36.9,21.3,1405,moderate
85,4429685511,M,NA,14-May-13,31.5,32.2,985,moderate
138,452E2F4B36,M,NA,14-May-13,30.5,40.3,1105,moderate
148,452F2C3E1C,M,NA,14-May-13,30.5,49.3,980,moderate
271,9.85121E+14,M,NA,14-May-13,26.5,44.3,705,moderate
218,4B1E024F01,M,NA,16-May-13,22,40.5,635,moderate
248,4B004E146A,M,NA,16-May-13,30.1,42.8,1165,moderate
262,414F040C64,M,NA,16-May-13,19.5,35.8,355,moderate
145,453F587730,M,NA,17-May-13,26.2,31.6,725,moderate
160,490E512142,M,NA,17-May-13,34.2,41.1,1420,moderate
267,9.85121E+14,M,NA,17-May-13,22.5,28.6,525,moderate
287,9.85121E+14,M,NA,17-May-13,20,38.8,375,moderate
303,9.85121E+14,M,NA,17-May-13,29.4,46.8,1085,moderate
66,43054C7027,M,NA,21-May-13,29.2,30.9,785,moderate
219,4B1E03134E,M,NA,21-May-13,20.5,32.3,415,moderate
376,9.89001E+14,M,NA,21-May-13,24.9,41.7,640,moderate
383,9.89001E+14,M,NA,21-May-13,25,44.4,555,moderate
75,4306020477,M,NA,22-May-13,31.5,27.6,1200,moderate
155,4B21306A37,M,NA,22-May-13,30.7,36.1,1160,moderate
252,4B22186F5D,M,NA,22-May-13,30.1,35.4,965,moderate
32,501D5C3C06,M,NA,11-Apr-14,35.2,44.5,1330,moderate
84,442123276E,M,NA,11-Apr-14,34.7,42.9,1860,moderate
112,442A6A5268,M,NA,11-Apr-14,31.2,34.9,995,moderate
119,4534096F08,M,NA,11-Apr-14,35.6,48.2,1985,moderate
132,452F171D57,M,NA,11-Apr-14,40.1,48.0,3145,moderate
134,452E797545,M,NA,11-Apr-14,28.9,41.5,1265,moderate
148,452F2C3E1C,M,NA,11-Apr-14,30.4,48.1,935,moderate
210,4B1D793C3F,M,NA,11-Apr-14,27.4,55.0,865,moderate
218,4B1E024F01,M,NA,11-Apr-14,23.1,22.3/31,505,moderate
222,4B1D7F2658,M,NA,11-Apr-14,25.1,42.0,640,moderate
232,4B1E124331,M,NA,11-Apr-14,21.8,39.1,435,moderate
242,4B17400F10,M,NA,11-Apr-14,20.7,31.7,400,moderate
287,9.85121E+14,M,NA,11-Apr-14,23,35.5,450,moderate
310,9.85121E+14,M,NA,11-Apr-14,16.7,29.4,200,moderate
248,4B004E146A,M,NA,13-May-14,31.7,29.8,1300,moderate
34,501F6D020B,M,NA,21-May-14,31.3,33.9,1175,moderate
81,4B21483C53,M,NA,21-May-14,33.6,23.2,1600,moderate
126,452F4C1235,M,NA,21-May-14,26.3,41.2,860,moderate
44,42652D465C,M,NA,12-May-15,29.8,43.2,890,moderate
45,50201F0266,M,NA,12-May-15,30.2,38.3,880,moderate
81,4B21483C53,M,NA,12-May-15,32.7,36.8,1560,moderate
84,442123276E,M,NA,12-May-15,35.5,30.9,760,moderate
95,442A19435C,M,NA,12-May-15,32.6,41.3,1100,moderate
126,452F4C1235,M,NA,12-May-15,26.3,38.0,730,moderate
132,452F171D57,M,NA,12-May-15,41.6,48.2,2790,moderate
134,452E797545,M,NA,12-May-15,30,41.7,1080,moderate
138,452E2F4B36,M,NA,12-May-15,30.3,36.7,NA,moderate
222,4B1D7F2658,M,NA,12-May-15,25,56.4,770,moderate
268,9.85121E+14,M,NA,12-May-15,34.4,29.6,1290,moderate
281,4A0E3F066F,M,NA,12-May-15,30.5,41.4,1140,moderate
298,9.85121E+14,M,NA,12-May-15,29.6,37.0,1130,moderate
302,9.85121E+14,M,NA,12-May-15,31.8,47.6,1200,moderate
367,4B080A5557,M,NA,12-May-15,22.9,45.7,530,moderate
394,9.89001E+14,M,NA,12-May-15,28,35.7,1250,moderate
160,490E512142,M,NA,21-May-15,36,36.5,1450,moderate
195,4A74637907,M,NA,21-May-15,29,33.3,860,moderate
303,9.85121E+14,M,NA,21-May-15,31.7,43.4,1049,moderate
81,4B21483C53,M,NA,13-May-16,32.6,46.6,1640,moderate
119,4534096F08,M,NA,13-May-16,33.9,41.7,2100,moderate
134,452E797545,M,NA,13-May-16,28.3,41.2,1160,moderate
307,9.85121E+14,M,NA,13-May-16,dead,38.6,dead,moderate
312,9.85121E+14,M,NA,13-May-16,27.6,49.7,1010,moderate
316,9.85121E+14,M,NA,13-May-16,26,30.9,810,moderate
411,9.89001E+14,M,NA,13-May-16,26.8,NA,800,moderate
413,9.89001E+14,M,NA,13-May-16,15.3,31.1,330,moderate
33,426415303E,M,NA,22-May-16,27.9,34.4,884,moderate
160.2,490D624539,M,NA,22-May-16,34.3,37.1,1715,moderate
81,4B21483C53,M,NA,17-Jun-16,34.5,23.9,1510,moderate
84,442123276E,M,NA,17-Jun-16,37.4,42.3,1975,moderate
149,452F040049,M,NA,17-Jun-16,37.9,47.2,2430,moderate
262,414F040C64,M,NA,23-Apr-18,25.5,38.3,730,moderate
267,9.85121E+14,M,NA,23-Apr-18,23,47.9,585,moderate
227,4B1D48600B,M,NA,24-Apr-18,23.8,46.4,575,moderate
231,4B213A523C,M,NA,13-May-18,29.4,34.6,960,moderate
242,4B17400F10,M,NA,13-May-18,21.6,31.7,430,moderate
302,9.85121E+14,M,NA,13-May-18,32.3,33.7,1200,moderate
316,9.85121E+14,M,NA,13-May-18,29.8,41.7,1150,moderate
381,9.89001E+14,M,NA,21-May-18,25.5,31.0,700,moderate
217,4B1E0F1D7D,M,NA,05-Sep-18,25.3,36.9,720,moderate
218,4B1E024F01,M,NA,05-Sep-18,24,37.3,570,moderate
191,4B216A7125,M,NA,24-May-08,30.9,29.5,1080,moderate
85,4429685511,M,NA,31-May-09,32.3,34.9,1160,moderate
476,9.82E+14,M,NA,05-Sep-18,10.9,32.2,49,moderate
338,9.85121E+14,M,NA,21-May-12,10.8,42.5,70,moderate
486,9.82E+14,M,NA,05-Sep-18,10.3,43.3,40,moderate
441,9.82E+14,M,NA,17-Jun-16,10,17.5,38,moderate
395,9.89001E+14,M,NA,22-May-13,17.4,17.3,240,moderate
413,9.89001E+14,M,NA,11-Apr-14,12.4,15.3,78,moderate
177,49172D140F,M,NA,27-May-05,17.3/17.0,16.7,210,moderate
344,9.85121E+14,M,NA,25-May-12,11.8,25.3,80,moderate
128,4534377A08,M,NA,28-May-05,24.6,19.7,580,moderate
82,44272B3F2A,M,NA,21-May-03,32.6,25.4/25.2,1270,moderate
90,4424612C01,M,NA,21-May-03,26.4/26.5,19.0,700,moderate
130,452E651F7A,M,NA,04-Jun-05,20,34.0,360,moderate
176,490E536651,M,NA,27-May-07,17.3/17.1,43.8,210,moderate
520,9.82126E+14,M,NA,10-Jun-19,17.6,36.2,230,moderate
65,426373040B,M,NA,21-May-03,32.9,29.9,1460,moderate
43,501D536362,M,NA,27-May-01,25.6,24.1/23.5,680,moderate
43,501D536362,M,NA,21-May-03,25.4/25.0,26.2,730,moderate
119,4534096F08,M,NA,27-May-05,17.8,45.6,270,moderate
135,452F167351,M,NA,04-Jun-05,26.7,34.1,565,moderate
145,453F587730,M,NA,27-May-06,18,35.4,240,moderate
115,452F380F22,M,NA,04-Jun-06,25.3,27.6,780,moderate
201,4B215A091C,M,NA,24-May-08,28,37.5,850,moderate
310,9.85121E+14,M,NA,17-May-12,13.3,26.2,120,moderate
342,9.85121E+14,M,NA,25-May-12,13.4,34.0,100,moderate
89,442A0F6D30,M,NA,21-May-03,19.6/20.0,38.9,310,moderate
20,413908611D,M,NA,04-Jun-05,30.7,19.3,860,moderate
144,452E73780A,M,NA,27-May-06,32.6,20.2,1210,moderate
164,4917153A48,M,NA,27-May-07,31.0/29.5,29.1,1040,moderate
186,490D653655,M,NA,03-Jun-07,19.1/18.8,42.7,330,moderate
210,4B1D793C3F,M,NA,25-May-08,16.3,45.3,160,moderate
222,4B1D7F2658,M,NA,01-Jun-08,16,42.6/43.1,220,moderate
230,4B21341928,M,NA,02-Jun-08,15.6,28/27.8,170,moderate
258,4B21762953,M,NA,31-May-09,16.4,23.8,160,moderate
261,414E77250F,M,NA,01-Jun-09,13.8,25.2,120,moderate
385,9.89001E+14,M,NA,21-May-13,17.1,23.9,255,moderate
63,4305751F2E,M,NA,05-Jun-01,19.4,23.3,340,moderate
83,442A4F4A5F,M,NA,21-May-03,27.4/27.6,21.5,800,moderate
86,4425043433,M,NA,21-May-03,29.4/29.4,26.9,1070,moderate
42,42652C285A,M,NA,22-May-03,33.5,29.4,1420,moderate
73,42642E0A6E,M,NA,22-May-03,31.1,39.8,1100,moderate
91,4414371976,M,NA,22-May-03,24.1/24.6,38.4,570,moderate
43,501D536362,M,NA,04-Jun-05,26.7,47.8,580,moderate
131,452E701803,M,NA,04-Jun-05,28,45.3,750,moderate
143,44294B0665,M,NA,27-May-06,31.1,32.8,1300,moderate
157,NA,M,NA,04-Jun-06,25.1,33.8,550,moderate
178,490E4C5D39,M,NA,27-May-07,16.1/15.4,34.9,180,moderate
78,42621F151F,M,NA,02-Jun-07,31.6/31.5,44.5,1290,moderate
198,4B1E167340,M,NA,24-May-08,17.8,33.8,240,moderate
219,4B1E03134E,M,NA,01-Jun-08,17.1,23.5/23.6,230,moderate
143,44294B0665,M,NA,01-Apr-10,33,43.5/43.5,1790,moderate
355,4A0D7A4448,M,NA,14-May-13,14,25.8,129,moderate
378,9.89001E+14,M,NA,21-May-13,13.4,23.2,125,moderate
532,9.82126E+14,M,NA,10-Jun-19,17.1,46.5,215,moderate
1,41390A6F12,M,NA,29-May-02,21,21.8,350,moderate
104,4428190803,M,NA,29-May-03,28.8/28.6,20.9,920,moderate
116,452E750E4B,M,NA,27-May-05,33.7,26.0,1510,moderate
153,452E323A32,M,NA,28-May-06,18.5,28.6,330,moderate
160.2,490D624539,M,NA,27-May-07,20.3/19.6,40.5,390,moderate
212,4B1E1C7902,M,NA,26-May-08,20.4,46.2,370,moderate
218,4B1E024F01,M,NA,01-Jun-08,18.5,29.0,350,moderate
226,4B1D7E0E09,M,NA,01-Jun-08,15.9,29.7/29.1,230,moderate
227,4B1D48600B,M,NA,01-Jun-08,18,30.4,260,moderate
262,414F040C64,M,NA,01-Jun-09,16.1,27.7,170,moderate
325,9.85121E+14,M,NA,17-May-12,17.3,26.2,250,moderate
328,9.85121E+14,M,NA,18-May-12,19.1,26.3,310,moderate
340,9.85121E+14,M,NA,25-May-12,16.2,23.5,210,moderate
353,9.85121E+14,M,NA,13-May-13,14.1,26.2,124,moderate
401,9.89001E+14,M,NA,22-May-13,16.5,26.2,190,moderate
451,9.82E+14,M,NA,23-Apr-18,17.5,23.3,220,moderate
464,9.82E+14,M,NA,05-Sep-18,19,19.8,290,moderate
515,9.82126E+14,M,NA,10-Jun-19,21.1,23.9,315,moderate
522,9.82126E+14,M,NA,10-Jun-19,15.5,25.9,160,moderate
76,426375291C,M,NA,29-May-02,17.1,27.7,200,moderate
85,4429685511,M,NA,21-May-03,32.2,27.4,1180,moderate
85,4429685511,M,NA,27-May-05,33.3,23.4,1130,moderate
115,452F380F22,M,NA,27-May-05,25.6,22.5,720,moderate
132,452F171D57,M,NA,04-Jun-05,21.1,44.4,380,moderate
132,452F171D57,M,NA,27-May-06,24.1,44.6,670,moderate
151,452E7C6717,M,NA,27-May-06,30.3,33.0,1280,moderate
249,4A74622548,M,NA,26-May-09,16.1,32.5,190,moderate
287,9.85121E+14,M,NA,27-May-10,16.8,36.9,200,moderate
295,9.85121E+14,M,NA,27-May-10,16,44.2,170,moderate
318,9.85121E+14,M,NA,17-May-12,15.2,24.0,180,moderate
319,9.85121E+14,M,NA,17-May-12,20.5,26.1,470,moderate
326,9.85121E+14,M,NA,17-May-12,16.2,23.9,200,moderate
398,9.89001E+14,M,NA,22-May-13,24.4,22.8,515,moderate
155,see notes,M,NA,04-Jun-06,18.4,29.4,290,moderate
158,NA,M,NA,04-Jun-06,23.3,17.0,370,moderate
182,491B3D102F,M,NA,02-Jun-07,27.6/27.6,33.5,910,moderate
192,4B1E14380F,M,NA,24-May-08,19.3,27.0,280,moderate
217,4B1E0F1D7D,M,NA,01-Jun-08,24.4,34.5,710,moderate
210,4B1D793C3F,M,NA,23-May-09,16.9,22.3/23.1,200,moderate
242,4B17400F10,M,NA,23-May-09,16.1,24.8,190,moderate
178,490E4C5D39,M,NA,24-May-09,18.9,34.4,280,moderate
267,9.85121E+14,M,NA,19-May-10,21.1,24.3,450,moderate
289,9.85121E+14,M,NA,27-May-10,17.6,23.6,230,moderate
315,9.85121E+14,M,NA,17-May-12,16.7,27.2,190,moderate
367,4B080A5557,M,NA,16-May-13,21.2,30.1,435,moderate
403,9.89001E+14,M,NA,22-May-13,19,25.1,265,moderate
448,9.82E+14,M,NA,23-Apr-18,18.4,25.0,310,moderate
438,9.82E+14,M,NA,24-Apr-18,18.6,30.7,275,moderate
458,9.82E+14,M,NA,24-Apr-18,19.7,28.3,305,moderate
438,9.82E+14,M,NA,05-Sep-18,20.3,26.6,340,moderate
492,9.82E+14,M,NA,05-Sep-18,21.5,25.6,400,moderate
496,9.82E+14,M,NA,05-Sep-18,19.1,28.7,285,moderate
57,501F683E32,M,NA,21-May-03,35.2,26.4,1470,moderate
63,4305751F2E,M,NA,04-Jun-05,26.7,29.7,740,moderate
167,491A285B17,M,NA,27-May-07,18.5/17.8,27.5,280,moderate
213,4B21205260,M,NA,26-May-08,27.3,32.5/37.2-lower tip,970,moderate
117,452F586EOD,M,NA,23-May-09,21.4,36.9,500,moderate
265,4B08077022,M,NA,01-Apr-10,19.4,26.7/26.3,320,moderate
266,9.85121E+14,M,NA,19-May-10,18.9,41.2,290,moderate
271,9.85121E+14,M,NA,19-May-10,26.1,33.2,730,moderate
277,9.85121E+14,M,NA,20-May-10,21.5,27.6,410,moderate
309,9.85121E+14,M,NA,17-May-12,19.3,27.5,390,moderate
316,9.85121E+14,M,NA,17-May-12,19.6,34.8,420,moderate
363,4B20622B63,M,NA,14-May-13,19.8,30.3,265,moderate
368,4B08043432,M,NA,16-May-13,19.7,26.7,350,moderate
406,9.89001E+14,M,NA,11-Apr-14,19.2,27.2,310,moderate
342,9.85121E+14,M,NA,24-Apr-18,21.2,28.7,445,moderate
509,9.82126E+14,M,NA,10-Jun-19,20.8,29.8,330,moderate
511,9.82126E+14,M,NA,10-Jun-19,21.6,27.9,365,moderate
536,9.82126E+14,M,NA,12-Jun-19,19.2,31.2,290,moderate
175,49184E4F19,M,NA,27-May-07,27.2/27.0,29.3,990,moderate
75,4306020477,M,NA,26-May-08,29.9,27.8,1300,moderate
311,9.85121E+14,M,NA,17-May-12,20.5,29.1,410,moderate
337,9.85121E+14,M,NA,21-May-12,18.5,42.6/41.8,310,moderate
448,9.82E+14,M,NA,05-Sep-18,20.5,44.6,385,moderate
495,9.82E+14,M,NA,05-Sep-18,20,29.8,540,moderate
261,414E77250F,M,NA,10-Jun-19,21.7,27.8,340,moderate
401,9.89001E+14,M,NA,10-Jun-19,22.2,28.4,400,moderate
538,9.82126E+14,M,NA,12-Jun-19,19.6,28.8,345,moderate
3,42643B7555,M,NA,28-May-01,19.7,30.0,310,moderate
117,452F586EOD,M,NA,27-May-05,17,29.2,190,moderate
134,452E797545,M,NA,04-Jun-05,25.7,29.0,790,moderate
138,452E2F4B36,M,NA,04-Jun-05,27.4,18.4,920,moderate
121,452F2B2D0A,M,NA,27-May-07,26.4/26.1,24.7,500,moderate
119,4534096F08,M,NA,02-Jun-07,20.5/19.8,38.5,410,moderate
44,42652D465C,M,NA,01-Jun-08,30,39.7,1080,moderate
231,4B213A523C,M,NA,02-Jun-08,21,36.5/36.6,480,moderate
381,9.89001E+14,M,NA,21-May-13,24.5,30.3/31,665,moderate
459,9.82E+14,M,NA,24-Apr-18,19.6,31.8,395,moderate
321,9.85121E+14,M,NA,05-Sep-18,22,32.6,410,moderate
218,4B1E024F01,M,NA,10-Jun-19,24.1,28.6,500,moderate
344,9.85121E+14,M,NA,10-Jun-19,20.9,28.3,400,moderate
425,9.82E+14,M,NA,10-Jun-19,24.5,32.6,490,moderate
438,9.82E+14,M,NA,10-Jun-19,21.1,32.0,365,moderate
531,9.82126E+14,M,NA,10-Jun-19,21,31.7,300,moderate
68,42641B4311,M,NA,21-May-02,20.9,32.0,380,moderate
72,4264176E36,M,NA,21-May-03,23.1/24.1,28.1,640,moderate
72,4264176E36,M,NA,26-May-07,37.6/36.9,27.7,1930,moderate
195,4A74637907,M,NA,24-May-08,22.5,28.5,540,moderate
223,4B210C5F53,M,NA,01-Jun-08,22.8,32.6,600,moderate
233,4B1D4A2F5E,M,NA,02-Jun-08,25.1,46.6/46.9,600,moderate
331,9.85121E+14,M,NA,18-May-12,23,35.5,600,moderate
352,4A0E4B075A,M,NA,13-May-13,23.7,34.9,630,moderate
370,4B1D4B7F4D,M,NA,17-May-13,21.4,34.4,410,moderate
377,9.89001E+14,M,NA,21-May-13,22.8,33.1,555,moderate
407,9.89001E+14,M,NA,11-Apr-14,19.6,35.7,320,moderate
411,9.89001E+14,M,NA,11-Apr-14,26.2,31.4,750,moderate
216,4B21115615,M,NA,24-Apr-18,21.2,32.1,435,moderate
340,9.85121E+14,M,NA,05-Sep-18,23.2,29.5,505,moderate
485,9.82E+14,M,NA,05-Sep-18,27.3,36.6,880,moderate
503,9.82126E+14,M,NA,10-Jun-19,22.2,30.1,475,moderate
521,9.82126E+14,M,NA,10-Jun-19,23.5,29.3,510,moderate
430,9.82E+14,M,NA,12-Jun-19,21,38.1,515,moderate
269,9.85121E+14,M,NA,19-May-10,21.9,33.2,490,moderate
64,5020184054,M,NA,21-May-02,29.9,27.7,1060,moderate
21,4139064B50,M,NA,29-May-02,38.9,32.0,1510,moderate
119,4534096F08,M,NA,28-May-06,19,32.0,320,moderate
163,491B360833,M,NA,27-May-07,25.6/25.8,41.0,610,moderate
240,4B210F3F5A,M,NA,23-May-09,26.3,51.2,700,moderate
117,452F586EOD,M,NA,19-May-10,23.8,28.7,610,moderate
281,4A0E3F066F,M,NA,21-May-10,27.4,27.4/27.6,1010,moderate
300,9.85121E+14,M,NA,28-May-10,22.5,30.8,550,moderate
321,9.85121E+14,M,NA,17-May-12,21.2,35.1,410,moderate
81,4B21483C53,M,NA,13-May-13,33.1,40.3,1470,moderate
405,9.89001E+14,M,NA,11-Apr-14,17.4,35.1,255,moderate
417,9.89001E+14,M,NA,17-Jun-16,24.3,32.0,620,moderate
318,9.85121E+14,M,NA,24-Apr-18,21.4,39.0,455,moderate
403,9.89001E+14,M,NA,05-Sep-18,22.6,24.3,445,moderate
295,9.85121E+14,M,NA,10-Jun-19,25,34.7,570,moderate
434,9.82E+14,M,NA,10-Jun-19,23.5,31.8,515,moderate
501,9.82E+14,M,NA,10-Jun-19,24,32.9,420,moderate
517,9.82126E+14,M,NA,10-Jun-19,22.6,33.4,415,moderate
33,426415303E,M,NA,27-May-01,21.2,33.4,500,moderate
34,501F6D020B,M,NA,27-May-01,27.6,31.9,845,moderate
57,501F683E32,M,NA,05-Jun-01,34.4,29.8,1470,moderate
95,442A19435C,M,NA,22-May-03,23.9/23.8,32.5,570,moderate
147,452E343108,M,NA,27-May-06,29.4,38.6,970,moderate
149,452F040049,M,NA,27-May-06,21.1,31.8/36.9/37.5,490,moderate
81,44140B373D,M,NA,28-May-06,28.1,35.1,940,moderate
132,452F171D57,M,NA,24-May-08,31.1,43.1,1320,moderate
203,4B1D7A3F5B,M,NA,24-May-08,24.4,32.6,590,moderate
246,4B1D67173D,M,NA,26-May-09,19.6,33.4,360,moderate
301,9.85121E+14,M,NA,28-May-10,22.9,46.3,480,moderate
349,9.85121E+14,M,NA,25-May-12,22.4,29.2,430,moderate
404,9.89001E+14,M,NA,22-May-13,20.8,21.2,420,moderate
449,9.82E+14,M,NA,23-Apr-18,26.1,20.8/25.6,735,moderate
501,9.82E+14,M,NA,05-Sep-18,23.2,21.2/24,460,moderate
528,9.82126E+14,M,NA,10-Jun-19,21.4,29.6,395,moderate
37,42652B0826,M,NA,27-May-01,30.9,38.3,1110,moderate
77,4265360805,M,NA,29-May-02,24.9,32.1,640,moderate
155,NA,M,NA,28-May-06,21.9,32.0,580,moderate
175,49184E4F19,M,NA,02-Jun-08,28.7,46.1,1020,moderate
332,9.85121E+14,M,NA,18-May-12,22.5,35.1,510,moderate
34,501F6D020B,M,NA,25-May-12,31,34.1,1230,moderate
410,9.89001E+14,M,NA,11-Apr-14,19.8,42.9,375,moderate
309,9.85121E+14,M,NA,07-Sep-16,23,31.0,565,moderate
377,9.89001E+14,M,NA,05-Sep-18,24.9,43.1,555,moderate
487,9.82E+14,M,NA,05-Sep-18,23.4,31.2,560,moderate
370,4B1D4B7F4D,M,NA,10-Jun-19,23.5,30.5,380,moderate
448,9.82E+14,M,NA,10-Jun-19,21.5,32.5,475,moderate
216,4B21115615,M,NA,12-Jun-19,22.7,33.0,480,moderate
55,5020135E66,M,NA,04-Jun-01,23.5,31.9,610,moderate
69,501D510B39,M,NA,29-May-02,24,30.4,500,moderate
71,42635F6E4F,M,NA,29-May-02,28.7,31.1,1000,moderate
155,4B21306A37,M,NA,23-May-09,24.5,32.7,670,moderate
81,4B21483C53,M,NA,21-May-10,32.5,34.6,1420,moderate
322,9.85121E+14,M,NA,17-May-12,17,39.0,230,moderate
227,4B1D48600B,M,NA,10-Jun-19,25,34.8,575,moderate
72,4264176E36,M,NA,29-May-02,24.1,37.1,540,moderate
133,45347F173B,M,NA,04-Jun-05,31.3,25.5,0,moderate
160,490E512142,M,NA,03-Jun-07,25.8/25.8,33.2,770,moderate
248,4B004E146A,M,NA,26-May-09,25.3,30.7,820,moderate
203,4B1D7A3F5B,M,NA,19-May-10,25.2,45.7,730,moderate
307,9.85121E+14,M,NA,17-May-12,27.8,38.0/37,960,moderate
312,9.85121E+14,M,NA,17-May-12,22.7,36.2,600,moderate
68,42641B4311,M,NA,16-May-13,29.9,31.0,1145,moderate
287,9.85121E+14,M,NA,07-Sep-16,25.1,39.7,615,moderate
352,4A0E4B075A,M,NA,07-Sep-16,26,22.9/27.2,755,moderate
262,414F040C64,M,NA,05-Sep-18,26.6,44.8,870,moderate
479,9.82E+14,M,NA,05-Sep-18,23.5,37.0,605,moderate
177,49172D140F,M,NA,10-Jun-19,29.1,37.7,925,moderate
325,9.85121E+14,M,NA,10-Jun-19,26.4,36.6,750,moderate
537,9.82126E+14,M,NA,12-Jun-19,25.2,14.0/20.2,695,moderate
119,4534096F08,M,NA,27-May-10,24.4,37.9,720,moderate
28,501F7B1A34,M,NA,29-May-02,31.5,36.7,1040,moderate
71,42635F6E4F,M,NA,21-May-03,31,34.2,1190,moderate
252,4B22186F5D,M,NA,30-May-09,29.5,37.0,1070,moderate
439,9.89001E+14,M,NA,17-Jun-16,26.3,42.4,700,moderate
126,452F4C1235,M,NA,05-Sep-18,26.5,41.6,785,moderate
382,9.89001E+14,M,NA,05-Sep-18,25.1,29.6/35.2,720,moderate
514,9.82126E+14,M,NA,10-Jun-19,27.3,35.7,745,moderate
60,501D51652B,M,NA,05-Jun-01,26.5,36.8,830,moderate
67,4265184E*79,M,NA,21-May-02,31.9,36.6,1340,moderate
27,502029074F,M,NA,21-May-03,30.4/29.5,36.5,920,moderate
34,501F6D020B,M,NA,28-May-03,30.0/29.5,37.6,1120,moderate
132,452F171D57,M,NA,27-May-07,28.1/27.7,44.1,1030,moderate
220,4B211B2702,M,NA,01-Jun-08,27.4,41.7,690,moderate
149,452F040049,M,NA,01-Apr-10,31.4,43.0,1680,moderate
303,9.85121E+14,M,NA,28-May-10,26.1,42.9/42.5,760,moderate
320,9.85121E+14,M,NA,17-May-12,25,38.1,400,moderate
362,4A7D60504E,M,NA,14-May-13,21.5,45.7,390,moderate
504,9.82126E+14,M,NA,10-Jun-19,27.1,37.6,740,moderate
41,43055D1940,M,NA,27-May-01,23.8,36.0,700,moderate
3,42643B7555,M,NA,21-May-03,23.2/22.1,26.0,540,moderate
239,4B1D590530,M,NA,23-May-09,32.7,36.6,1140,moderate
160.2,490D624539,M,NA,20-May-10,27.1,34.0,850,moderate
119,4534096F08,M,NA,13-May-13,31.5,16.6/22.3,1580,moderate
32,501D5C3C06,M,NA,27-May-01,33.2,43.6,1510,moderate
81,44140B373D,M,NA,21-May-03,25.2/25.2,38.3,630,moderate
81,44140B373D,M,NA,04-Jun-05,27.9,46.2,810,moderate
141,453152475C,M,NA,27-May-06,29.9,48.1,960,moderate
165,491A0C6337,M,NA,27-May-07,31.3/30.4,28.8,1010,moderate
453,9.82E+14,M,NA,23-Apr-18,NA,30.8,NA,moderate
301,9.85121E+14,M,NA,17-Jun-16,28.6,41.4,1040,moderate
298,9.85121E+14,M,NA,05-Sep-18,30,42.8/42.4,1055,moderate
303,9.85121E+14,M,NA,05-Sep-18,30.3,NA,1250,moderate
155,4B21306A37,M,NA,28-May-10,26.1,31.8,850,moderate
222,4B1D7F2658,M,NA,23-Apr-18,30,33.2/35.5,1140,moderate
134,452E797545,M,NA,05-Sep-18,30.8,41.9,1250,moderate
447,9.82E+14,M,NA,05-Sep-18,31.1,37.1,1490,moderate
493,9.82E+14,M,NA,05-Sep-18,24.2,40.9,580,moderate
1,41390A6F12,M,NA,04-Jun-05,28,22.2/30.9,1080,moderate
287,9.85121E+14,M,NA,05-Sep-18,29,45.0,980,moderate
84,442123276E,M,NA,27-May-05,32.8,34.1,1510,moderate
81,4B21483C53,M,NA,24-May-09,31.1,40.8,1410,moderate
74,50201F494E,M,NA,01-Jun-08,26.1,40.5,880,moderate
84,442123276E,M,NA,21-May-03,29.4/29.6,45.2,1270,moderate
535,9.82126E+14,M,NA,12-Jun-19,28.7,37.8,1030,moderate
148,452F2C3E1C,M,NA,27-May-06,30.5,37.5,1150,moderate
457,9.82E+14,M,NA,24-Apr-18,30,43.2,1180,moderate
84,442123276E,M,NA,05-Sep-18,36,38.5,2050,moderate
499,9.82E+14,M,NA,05-Sep-18,27.4,42.5,780,moderate
189,4B1E047C00,M,NA,24-May-08,25.7,42.7,760,moderate
194,4B1D505A3F,M,NA,24-May-08,34.4,47.1,1720,moderate
200,4B1D4D1A65,M,NA,24-May-08,33.4,32.8,1400,moderate
148,452F2C3E1C,M,NA,25-May-08,31,36.4,1090,moderate
208,4B21324021,M,NA,25-May-08,31.9,50.4,970,moderate
209,4B21393847,M,NA,25-May-08,29.2,43.6,940,moderate
18,41386F7E45,M,NA,26-May-08,39.6,42.0,2430,moderate
94,4424776217,M,NA,26-May-08,32.8,42.0,1210,moderate
112,442A6A5268,M,NA,26-May-08,29.6,42.6,1210,moderate
200,4B1D4D1A65,M,NA,26-May-09,32.1,52.3,1340,moderate
298,9.85121E+14,M,NA,19-May-10,26.9,33.3/36.1,1080,moderate
175,49184E4F19,M,NA,27-May-10,30.5,41.1,1120,moderate
189,4B1E047C00,M,NA,17-May-12,31.5,44.7,1360,moderate
304,9.85121E+14,M,NA,17-May-12,33.4,33.2/35.7,1430,moderate
213,4B21205260,M,NA,18-May-12,30.5,44.9,1160,moderate
329,9.85121E+14,M,NA,18-May-12,29.1,42.8,940,moderate
75,4306020477,M,NA,25-May-12,31.4,46.7,1100,moderate
138,452E2F4B36,M,NA,25-May-12,30.3,45.5,1070,moderate
175,49184E4F19,M,NA,25-May-12,32.2,31.8/34.5,1180,moderate
194,4B1D505A3F,M,NA,25-May-12,40.5,44.1,3170,moderate
298,9.85121E+14,M,NA,25-May-12,29.5,42.4,1090,moderate
375,9.89001E+14,M,NA,21-May-13,32.8,45.8,1140,moderate
379,9.89001E+14,M,NA,21-May-13,23.2,57.3,505,moderate
386,9.89001E+14,M,NA,21-May-13,29.1,33/35.3,905,moderate
392,9.89001E+14,M,NA,21-May-13,23.9,36.8,610,moderate
213,4B21205260,M,NA,11-Apr-14,32.3,30.8,1420,moderate
119,4534096F08,M,NA,23-Apr-18,39.5,38.5,2840,moderate
134,452E797545,M,NA,24-Apr-18,30,35.7,1215,moderate
269,9.85121E+14,M,NA,24-Apr-18,26.8,45.8,850,moderate
312,9.85121E+14,M,NA,24-Apr-18,29.7,50.0,1165,moderate
439,9.89001E+14,M,NA,24-Apr-18,29.9,22.4/31.2,1140,moderate
203,4B1D7A3F5B,M,NA,05-Sep-18,27.4,37.6,805,moderate
84,442123276E,M,NA,10-Jun-19,36.3,34.3,1785,moderate
95,442A19435C,M,NA,10-Jun-19,33,40.8,1175,moderate
209,4B21393847,M,NA,10-Jun-19,33.3,30.3/ 31.7,1240,moderate
273,9.85121E+14,M,NA,10-Jun-19,32.2,47.6,985,moderate
331,9.85121E+14,M,NA,10-Jun-19,30.7,42.3,1100,moderate
376,9.89001E+14,M,NA,10-Jun-19,30,45.0,1205,moderate
499,9.82E+14,M,NA,10-Jun-19,26.8,41.9,670,moderate
189,4B1E047C00,M,NA,12-Jun-19,31.8,39.5,1460,moderate
18,41386F7E45,M,NA,28-May-01,31.9,41.2,1220,moderate
45,50201F0266,M,NA,28-May-01,29.5,33.1,810,moderate
37,42652B0826,M,NA,21-May-02,34.7,43.6,1360,moderate
18,41386F7E45,M,NA,21-May-03,35.6,47.0,1690,moderate
92,442A0A5B7B,M,NA,22-May-03,33,40.0,1310,moderate
94,4424776217,M,NA,22-May-03,29.5/29.8,46.6,960,moderate
37,42652B0826,M,NA,28-May-03,33.5,51.0,1430,moderate
96,442A17531E,M,NA,28-May-03,33.4,45.0,1420,moderate
97,4425730508,M,NA,28-May-03,35.2,30.5/33.4,1600,moderate
100,4428542B39,M,NA,29-May-03,29.7/29.1,47.1,1020,moderate
101,4427624047,M,NA,29-May-03,33.5,45.4,1570,moderate
105,4425100F7F,M,NA,29-May-03,32,49.4,1350,moderate
106,501F650D17,M,NA,29-May-03,31.6,35.0,1500,moderate
109,44222F444B,M,NA,29-May-03,30.6,47.0,1320,moderate
112,442A6A5268,M,NA,29-May-03,29.5/29.5,44.1,1140,moderate
124,4535452147,M,NA,27-May-05,32.1,47.4,1190,moderate
65,426373040B,M,NA,28-May-05,35.9,44.5,1820,moderate
45,50201F0266,M,NA,27-May-06,29.4,39.9,1090,moderate
94,4424776217,M,NA,27-May-06,32,46.6,1290,moderate
150,452E626F01,M,NA,27-May-06,29.3,48.6,1220,moderate
73,42642E0A6E,M,NA,28-May-06,35.3,41.7,1730,moderate
154,452E33010A,M,NA,28-May-06,37.5,35.7,1760,moderate
84,442123276E,M,NA,04-Jun-06,35.3,42.8,2020,moderate
95,442A19435C,M,NA,04-Jun-06,26.3,47.7,800,moderate
154,see notes,M,NA,04-Jun-06,27.5,49.6,670,moderate
45,50201F0266,M,NA,27-May-07,30.3/30.9,48.1,1090,moderate
97,4425730508,M,NA,27-May-07,35.5/35.1,38.3,1440,moderate
116,452E750E4B,M,NA,27-May-07,33.5/33.5,38.5,1520,moderate
138,452E2F4B36,M,NA,27-May-07,29.5/28.0,43.2/42.9,990,moderate
150,452E626F01,M,NA,27-May-07,32.0/31.0,48.3/48.1,1450,moderate
166,4919724C4A,M,NA,27-May-07,34.2/32.0,48.4/47.4,1530,moderate
37,42652B0826,M,NA,02-Jun-07,33.2/33.3,39.3/39.6,1690,moderate
95,442A19435C,M,NA,03-Jun-07,27.7/27.7,46.8/46.5,870,moderate
95,442A19435C,M,NA,01-Jun-08,28.6,44.5/44.3,1000,moderate
60,501D51652B,M,NA,23-May-09,29.5,47.9/47.3,900,moderate
72,4264176E36,M,NA,23-May-09,39,41.4/40.4,2360,moderate
143,44294B0665,M,NA,23-May-09,32.5,41.0,1550,moderate
150,452E626F01,M,NA,23-May-09,32.3,42.0,1740,moderate
209,4B21393847,M,NA,23-May-09,29.8,48.7,1090,moderate
241,4B2112535F,M,NA,23-May-09,30.1,46.2,1090,moderate
109,44222F444B,M,NA,24-May-09,31.6,46.9,1320,moderate
134,452E797545,M,NA,24-May-09,28.1,43.8,980,moderate
45,50201F0266,M,NA,31-May-09,30.5,42.3,1035,moderate
231,4B213A523C,M,NA,31-May-09,22,45.2,560,moderate
105,4425100F7F,M,NA,01-Apr-10,32,41.8,1350,moderate
268,9.85121E+14,M,NA,19-May-10,34.4,40.9,1510,moderate
280,9.85121E+14,M,NA,20-May-10,28.8,34.6,1070,moderate
160,490E512142,M,NA,21-May-10,30.5,44.1,1180,moderate
302,9.85121E+14,M,NA,28-May-10,32.9,48.1,1310,moderate
268,9.85121E+14,M,NA,13-May-13,34.5,40.9,1555,moderate
394,9.89001E+14,M,NA,22-May-13,29.3,43.8,1045,moderate
412,9.89001E+14,M,NA,11-Apr-14,26.9,34.0/36.9,790,moderate
119,4534096F08,M,NA,17-Jun-16,36.3,48.6,2025,moderate
138,452E2F4B36,M,NA,23-Apr-18,30,43.1,1355,moderate
160.2,490D624539,M,NA,23-Apr-18,36.2,35.6,2280,moderate
300,9.85121E+14,M,NA,24-Apr-18,29.8,48.2,1070,moderate
138,452E2F4B36,M,NA,05-Sep-18,31.5,41.4,1410,moderate
145,453F587730,M,NA,05-Sep-18,29,47.3,1125,moderate
248,4B004E146A,M,NA,05-Sep-18,31,41.8,1410,moderate
301,9.85121E+14,M,NA,05-Sep-18,32,41.0,1510,moderate
312,9.85121E+14,M,NA,05-Sep-18,31.5,40.7,1300,moderate
319,9.85121E+14,M,NA,05-Sep-18,30.5,40.7,1200,moderate
449,9.82E+14,M,NA,05-Sep-18,27.2,29.2/34.8,770,moderate
480,9.82E+14,M,NA,05-Sep-18,31.2,34.0,1500,moderate
502,9.82E+14,M,NA,05-Sep-18,24.3,40.0,720,moderate
138,452E2F4B36,M,NA,10-Jun-19,32.3,37.8,1320,moderate
167,491A285B17,M,NA,10-Jun-19,32,43.9,1325,moderate
262,414F040C64,M,NA,10-Jun-19,29.6,34.8,1015,moderate
65,426373040B,M,NA,21-May-02,30.8,41.5,1180,moderate
3,Juv.,NA,Juv,13-Nov-98,11.7,41.1,73,moderate
24,N/A,NA,Juv,28-May-99,14.1,39.1,120,moderate
31,5020165301,NA,Juv,31-May-00,10,42.6,35,moderate
121,452F2B2D0A,NA,NA,27-May-05,24.5,36.5,450,moderate
414,9.89001E+14,NA,NA,13-May-14,20.1,28.3,405,moderate
125,453F733154,NA,NA,21-May-14,27.2,36.1,775,moderate
416,9.89001E+14,NA,NA,21-May-14,12.1,19.6,81.9,moderate
417,9.89001E+14,NA,NA,21-May-14,22.3,31.3,390,moderate
418,9.89001E+14,NA,NA,21-May-14,31.7,41.9,1390,moderate
419,9.89001E+14,NA,NA,21-May-14,27.9,38.7,1010,moderate
420,9.89001E+14,NA,NA,21-May-14,21.4,30.3,415,moderate
421,9.89001E+14,NA,NA,21-May-14,23.8,31.2,480,moderate
422,9.89001E+14,NA,NA,21-May-14,14,21.9,1990,moderate
423,9.89001E+14,NA,NA,21-May-14,25.6,35.5,670,moderate
424,9.82E+14,NA,NA,12-May-15,18.2,24.3,260,moderate
425,9.82E+14,NA,NA,12-May-15,20.4,29.5,340,moderate
426,9.82E+14,NA,NA,12-May-15,22,32.0,650,moderate
427,9.82E+14,NA,NA,12-May-15,12.9,21.4,130,moderate
428,9.82E+14,NA,NA,12-May-15,21.3,30.5,398,moderate
429,9.82E+14,NA,NA,12-May-15,17,22.8,170,moderate
430,9.82E+14,NA,NA,12-May-15,19,26.9,290,moderate
431,9.82E+14,NA,NA,12-May-15,26.5,38.0,560,moderate
432,9.82E+14,NA,NA,21-May-15,17.3,22.7,210,moderate
433,9.89001E+14,NA,NA,13-May-16,19.2,29.0,310,moderate
434,9.82E+14,NA,NA,13-May-16,17.2,28.3,300,moderate
418,9.89001E+14,NA,NA,22-May-16,30.1,42.4,1223,moderate
419,9.89001E+14,NA,NA,22-May-16,28,40.2,890,moderate
435,9.82E+14,NA,NA,22-May-16,15.7,NA,155,moderate
436,9.82E+14,NA,NA,22-May-16,21.7,32.6,370,moderate
437,9.82E+14,NA,NA,22-May-16,22.6,28.6,430,moderate
438,9.82E+14,NA,NA,22-May-16,15.8,23.0,190,moderate
NA,NA,NA,NA,17-Jun-16,NA,NA,NA,moderate
443,9.82E+14,NA,NA,14-May-17,NA,NA,480,moderate
444,9.82E+14,NA,NA,14-May-17,NA,NA,660,moderate
445,9.82E+14,NA,NA,14-May-17,NA,NA,250,moderate
446,9.82E+14,NA,NA,14-May-17,NA,NA,190,moderate
447,9.82E+14,NA,NA,14-May-17,NA,NA,1180,moderate
461,9.82E+14,NA,NA,13-May-18,21.3,31.8,460,moderate
462,9.82E+14,NA,NA,13-May-18,32.1,43.2,550,moderate
463,9.82E+14,NA,NA,13-May-18,21.1,29.6,335,moderate
464,9.82E+14,NA,NA,13-May-18,19.2,26.9,255,moderate
465,9.82E+14,NA,NA,13-May-18,23.9,36.0,560,moderate
466,9.82E+14,NA,NA,13-May-18,14.9,23.3,170,moderate
467,9.82E+14,NA,NA,13-May-18,18.1,28.3,290,moderate
443,9.82E+14,NA,NA,21-May-18,29.2,40.7,780,moderate
468,9.82E+14,NA,NA,21-May-18,19.7,27.0,285,moderate
469,9.82E+14,NA,NA,21-May-18,27.9,35.5,794,moderate
470,9.82E+14,NA,NA,21-May-18,20.9,28.2,320,moderate
471,9.82E+14,NA,NA,21-May-18,18.6,28.1,280,moderate
472,9.82E+14,NA,NA,21-May-18,19,27.2,310,moderate
473,9.82E+14,NA,NA,21-May-18,19.1,26.2,305,moderate